word,doc_ids
hacker,"[0, 1, 10, 11]"
news,"[0, 1, 10]"
new,"[0, 1, 2, 4, 5, 7, 9, 10, 11, 14, 15, 17, 18, 19]"
past,"[0, 1, 6, 7, 15, 16]"
comment,"[0, 1, 2, 9, 12, 15]"
ask,"[0, 1, 10, 11, 15]"
show,"[0, 1, 4, 7, 9, 11, 15, 17]"
job,"[0, 1, 19, 6]"
submit,"[0, 1, 4, 9, 10, 14, 17, 18]"
login,"[0, 1, 10]"
attent,"[0, 1, 2, 4, 14]"
media,"[0, 1, 2, 10, 11, 19]"
social,"[0, 1, 2, 11, 19]"
network,"[0, 1, 2, 10, 17]"
point,"[0, 1, 4, 6, 9, 14, 15, 18, 19]"
susam,"[0, 1, 2]"
hour,"[0, 1, 15]"
ago,"[0, 1, 2, 10]"
hide,"[0, 1, 10, 4]"
fix,"[0, 1, 3, 4, 7, 9, 11, 14, 15, 17, 18, 19]"
tool,"[0, 1, 3, 4, 9, 10, 11, 14, 15, 17, 18, 19]"
vinhnx,"[0, 1]"
fresh,"[0, 1, 4]"
file,"[0, 1, 4, 6, 7, 9, 10, 14, 15, 17, 18]"
explor,"[0, 1, 4, 10, 14, 17, 18]"
vs,"[0, 1, 4, 6, 9, 10, 14]"
code,"[0, 1, 3, 4, 6, 9, 10, 11, 14, 15, 17, 18, 19]"
extens,"[0, 1, 4, 6, 14]"
navig,"[0, 1, 4, 7, 10, 11, 14, 16, 17, 18]"
recent,"[0, 1, 4, 6, 7, 10, 12]"
work,"[0, 1, 2, 4, 6, 7, 9, 10, 11, 14, 15, 17, 18, 19]"
frehu,"[0, 1, 4]"
hn,"[0, 1]"
mahjong,"[0, 1, 5]"
built,"[0, 1, 2, 15, 18]"
css,"[0, 1, 5, 12, 17]"
rofko,"[0, 1]"
linuxul,"[0, 1, 6]"
freebsd,"[0, 1, 6]"
feel,"[0, 1, 2, 3, 6, 19]"
like,"[0, 1, 2, 3, 4, 6, 7, 9, 10, 11, 12, 15, 19]"
magic,"[0, 1, 6, 9, 15]"
vermaden,"[0, 1]"
minut,"[0, 1, 6, 10, 15]"
databas,"[0, 1, 7, 16, 19]"
transact,"[0, 1, 7]"
xweather,"[0, 1, 8]"
live,"[0, 1, 6, 8, 9, 11, 17, 19]"
interact,"[0, 1, 2, 9, 11, 14, 19]"
global,"[0, 1, 6, 9, 10]"
vector,"[0, 1, 12]"
weather,"[0, 1, 8, 11, 19]"
map,"[0, 1, 4, 8, 9, 10, 11, 12, 14]"
unstyledcont,"[0, 1]"
git,"[0, 1, 4, 9, 15, 18]"
chmaynard,"[0, 1]"
back,"[0, 1, 2, 4, 6, 10, 11, 12, 15]"
part,"[0, 1, 2, 9, 10, 11, 15]"
enz,"[0, 1]"
intern,"[0, 1, 11]"
awar,"[0, 1]"
day,"[0, 1, 2, 4, 6, 7, 10, 11, 19]"
hisamafahri,"[0, 1]"
discuss,"[0, 1, 7, 10, 12, 19]"
hid,"[0, 1, 10]"
backdoor,"[0, 1, 10]"
binari,"[0, 1, 6, 9, 10]"
ai,"[0, 1, 2, 4, 10, 11, 12, 14, 15, 17, 18]"
ghidra,"[0, 1, 10]"
find,"[0, 1, 2, 3, 4, 7, 9, 10, 11, 14, 15, 16, 17, 18, 19]"
jakozaur,"[0, 1]"
nanoclaw,"[0, 1]"
move,"[0, 1, 4, 7, 9, 10, 15, 19]"
appl,"[0, 1, 6]"
contain,"[0, 1, 2, 4, 10, 11, 18, 19]"
docker,"[0, 1, 9]"
simplesort,"[0, 1]"
man,"[0, 1, 11]"
accident,"[0, 1, 11, 4]"
gain,"[0, 1, 11, 19]"
control,"[0, 1, 4, 7, 9, 10, 11, 14, 15, 17]"
robot,"[0, 1, 2, 11]"
vacuum,"[0, 1, 11, 7]"
brajeshwar,"[0, 1]"
monkey,"[0, 1, 11]"
patch,"[0, 1, 11, 14, 15]"
vba,"[0, 1]"
taala,"[0, 1, 12]"
print,"[0, 1, 12, 16]"
llm,"[0, 1, 10, 12, 14, 17]"
onto,"[0, 1, 12]"
chip,"[0, 1, 12]"
bearoundher,"[0, 1]"
gamed,"[0, 1, 13]"
site,"[0, 1, 11, 17]"
reviv,"[0, 1, 13]"
dead,"[0, 1, 10, 13]"
multiplay,"[0, 1]"
game,"[0, 1, 5, 10, 11, 13, 19]"
far,"[0, 1, 6, 10, 15]"
time,"[0, 1, 2, 4, 5, 6, 7, 10, 11, 14, 15, 17, 18, 19]"
understand,"[0, 1, 7, 10, 11, 12, 15, 19]"
english,"[0, 1]"
spzb,"[0, 1]"
best,"[0, 1, 6, 10, 11, 19]"
way,"[0, 1, 2, 4, 7, 9, 10, 11, 15, 19]"
learn,"[0, 1, 2, 4, 7, 11, 15]"
languag,"[0, 1, 4, 6, 9, 10, 14, 15, 16, 17, 18]"
llama,"[0, 1, 12, 14]"
singl,"[0, 1, 4, 7, 11, 12, 14, 15, 18, 19]"
rtx,"[0, 1, 14]"
via,"[0, 1, 4, 6, 7, 10, 11, 12, 14, 17]"
bypass,"[0, 1, 14]"
cpu,"[0, 1, 10, 14, 19]"
xaskasdf,"[0, 1, 14]"
use,"[0, 1, 2, 3, 4, 7, 9, 10, 11, 12, 14, 15, 17, 18, 19]"
claud,"[0, 1, 10, 14, 15]"
separ,"[0, 1, 4, 6, 12, 14, 15, 18]"
plan,"[0, 1, 4, 7, 11, 14, 15, 17, 18]"
execut,"[0, 1, 3, 7, 10, 15, 18, 19]"
japanes,"[0, 1, 16]"
woodblock,"[0, 1, 16]"
search,"[0, 1, 4, 6, 7, 9, 10, 11, 14, 16, 17, 18]"
referencefind,"[0, 1]"
coordin,"[0, 1]"
piec,"[0, 1, 4, 7, 14, 17, 18]"
paper,"[0, 1, 6]"
fold,"[0, 1]"
icwtyjj,"[0, 1]"
zclaw,"[0, 1, 17]"
person,"[0, 1, 4, 7, 11, 14, 17, 18]"
assist,"[0, 1, 7, 11, 17]"
kb,"[0, 1]"
run,"[0, 1, 3, 6, 7, 9, 10, 12, 14, 15, 17, 18]"
tosh,"[0, 1]"
volatil,"[0, 1, 18]"
memori,"[0, 1, 10, 12, 14, 17, 18, 19]"
forens,"[0, 1, 18]"
extract,"[0, 1, 11, 15, 18]"
framework,"[0, 1, 6, 9, 18]"
transput,"[0, 1]"
two,"[0, 1, 2, 4, 7, 11, 12, 15, 19]"
bit,"[0, 1, 6, 12, 19]"
better,"[0, 1, 4, 6, 7, 10, 14, 15, 16, 17, 18, 19]"
one,"[0, 1, 2, 4, 6, 7, 9, 10, 11, 12, 14, 15, 19]"
make,"[0, 1, 4, 7, 9, 10, 11, 12, 15, 18, 19]"
bloom,"[0, 1, 19]"
filter,"[0, 1, 4, 9, 14, 17, 18, 19]"
accur,"[0, 1, 19]"
matheusalmeida,"[0, 1]"
workbench,"[0, 1]"
skill,"[0, 1, 4, 10, 11, 14, 17, 18]"
agent,"[0, 1, 10, 15]"
compat,"[0, 1, 6]"
vercel,"[0, 1]"
cli,"[0, 1, 14]"
youio,"[0, 1]"
claw,"[0, 1]"
layer,"[0, 1, 6, 12, 14, 15, 19]"
top,"[0, 1, 2, 4, 5, 6, 11, 12, 15]"
cyphas,"[0, 1]"
evid,"[0, 1, 11]"
effect,"[0, 1, 3, 7, 10, 11]"
naïv,"[0, 1]"
babi,"[0, 1]"
chick,"[0, 1]"
suddenlybanana,"[0, 1]"
pars,"[0, 1, 10]"
valid,"[0, 1, 9, 10, 15, 17]"
design,"[0, 1, 7, 11, 12, 15]"
rust,"[0, 1, 10]"
todsacerdoti,"[0, 1]"
launch,"[0, 1, 11]"
consol,"[0, 1]"
found,"[0, 1, 4, 10, 11, 15, 18]"
true,"[0, 1, 9, 10, 11]"
love,"[0, 1, 11, 19]"
babbag,"[0, 1]"
store,"[0, 1, 4, 7, 9, 10, 11, 12, 19]"
zepearl,"[0, 1]"
guidelin,"[0, 1]"
faq,"[0, 1]"
list,"[0, 1, 4, 9, 10, 15]"
api,"[0, 1, 4, 14, 15, 17]"
secur,"[0, 1, 4, 9, 10, 11, 14, 17, 18]"
legal,"[0, 1]"
appli,"[0, 1, 4, 7]"
yc,"[0, 1]"
contact,"[0, 1, 4, 7, 10, 11, 14, 17, 18, 19]"
pal,[2]
jan,"[18, 2, 10, 6]"
start,"[2, 3, 4, 6, 7, 10, 14, 15, 17, 18, 19]"
flourish,[2]
nearli,"[19, 2, 11]"
decad,[2]
genuin,"[2, 10, 6]"
would,"[2, 4, 7, 10, 11, 15, 19]"
sign,"[2, 4, 9, 11, 14, 17, 18]"
popular,"[2, 7, 10, 11, 16]"
servic,"[2, 4, 6, 10, 11, 14, 17, 18]"
follow,"[2, 4, 9, 11, 18, 19]"
peopl,"[2, 9, 11, 15, 18]"
knew,"[2, 3]"
read,"[2, 4, 6, 7, 9, 10, 12, 14, 15, 17, 18, 19]"
updat,"[2, 4, 7, 9, 10, 11, 15, 16, 17, 18]"
post,"[2, 3, 6, 9, 10, 12, 14, 15]"
someth,"[2, 4, 9, 10, 15, 19]"
receiv,"[2, 11]"
well,"[2, 4, 6, 9, 10, 15, 19]"
notif,"[2, 4, 14, 15, 17, 18]"
littl,[2]
icon,"[2, 4]"
bar,"[2, 14]"
light,[2]
someon,"[2, 4, 12, 6]"
sent,"[2, 11]"
direct,"[2, 10, 14, 15, 17]"
messag,"[2, 4, 9, 14, 15, 17, 18]"
engag,[2]
also,"[2, 4, 7, 9, 10, 11, 12, 15, 17, 18, 19]"
begin,"[2, 7]"
millennium,[2]
gener,"[2, 9, 10, 11, 12, 15, 18]"
sens,"[2, 10]"
hope,"[2, 3, 6]"
optim,"[19, 2, 10, 14]"
around,"[2, 4, 7, 11, 12, 19]"
technolog,"[2, 11]"
comput,"[2, 10, 11, 12, 14, 19]"
internet,"[2, 11]"
platform,"[2, 4, 6, 7, 9, 14, 17, 18]"
call,"[2, 7, 10, 11, 12, 15, 19]"
web,"[2, 9, 10, 17, 18]"
term,"[2, 4, 6, 7, 11, 14, 17, 18, 19]"
websit,[2]
user,"[2, 4, 6, 7, 10, 11, 12, 14, 15, 17, 18]"
particip,[2]
felt,"[2, 6]"
though,"[2, 3, 7, 10, 11, 15, 19]"
inform,"[2, 4, 7, 9, 11, 14, 17, 18]"
superhighway,[2]
final,"[2, 6, 7, 10, 11, 12]"
reach,"[9, 2]"
potenti,"[2, 3, 11, 15, 19]"
sometim,"[2, 7, 9, 10, 12, 15, 19]"
thing,"[2, 4, 6, 7, 11, 15, 19]"
took,"[2, 10, 12, 6]"
turn,"[2, 3, 4, 10, 11]"
wors,"[2, 10, 7]"
first,"[2, 3, 4, 7, 10, 11, 12, 15, 17, 18, 19]"
came,[2]
infam,[2]
infinit,[2]
scroll,"[2, 15]"
rememb,"[2, 4, 15]"
uneasi,[2]
page,"[2, 4, 10, 12, 14, 15, 17, 18]"
longer,"[2, 10, 7]"
bottom,[2]
logic,"[2, 7, 9, 10, 12, 15, 17]"
everyth,"[2, 4, 6, 11, 15]"
browser,"[2, 15]"
display,"[9, 2, 4]"
virtual,"[2, 18, 15]"
construct,"[2, 10]"
physic,"[2, 7, 10, 11, 12]"
pixel,[2]
pretend,"[2, 4]"
still,"[2, 4, 7, 10, 11, 12, 15, 17, 19]"
brain,[2]
treat,"[2, 4, 9, 10, 11]"
object,[2]
end,"[2, 7, 9, 15, 19]"
sudden,[2]
disappear,"[2, 4, 14]"
disturb,[2]
eas,"[2, 18]"
bogu,[2]
meaning,"[9, 2, 15]"
signal,"[2, 12, 15]"
arbitrari,"[9, 2, 10]"
prompt,"[2, 4, 12, 14, 15, 17, 18]"
unremark,[2]
surfac,"[2, 15, 7]"
anyway,"[2, 19, 6]"
matter,"[2, 9, 10, 15, 19]"
whether,"[2, 18, 4]"
relev,"[2, 15]"
system,"[2, 6, 7, 10, 12, 14, 15, 18]"
stop,"[2, 4, 10, 14, 15, 17, 18]"
serv,"[2, 15]"
violat,"[2, 7]"
unspoken,[2]
agreement,[2]
despit,"[2, 11]"
remain,"[2, 10]"
dilut,[2]
ye,"[2, 4, 6, 10, 12, 14, 19]"
manipul,"[2, 19, 7]"
least,"[2, 11, 7]"
actual,"[2, 3, 4, 9, 10, 15, 19]"
chosen,[2]
chang,"[2, 3, 4, 6, 7, 9, 10, 11, 14, 15, 17, 18]"
timelin,"[2, 7]"
fewer,"[19, 2, 11]"
friend,[2]
content,"[2, 4, 7, 9, 10, 14, 15, 17, 18, 19]"
random,"[19, 2, 10]"
stranger,[2]
began,"[2, 7]"
stand,"[2, 15]"
front,"[11, 2, 10]"
blare,[2]
loudspeak,[2]
broadcast,[2]
fragment,[2]
convers,"[2, 12, 15]"
world,"[2, 7, 10, 11, 12, 18, 19]"
directli,"[2, 6, 9, 14, 15, 17]"
face,"[2, 12]"
gave,"[2, 19, 6]"
noth,"[2, 4, 6, 7, 10, 15]"
anymor,"[2, 19]"
becom,"[2, 6, 10, 11, 15, 19]"
preciou,[2]
spend,"[19, 2, 11, 6]"
mindlessli,[2]
video,"[19, 2, 11]"
neither,[2]
substanc,[2]
avenu,[2]
anoth,"[2, 4, 7, 14, 17, 18, 19]"
emerg,"[2, 15]"
year,"[2, 4, 6, 10, 11, 12, 18]"
stumbl,"[2, 11, 6]"
upon,"[2, 11, 6]"
mastodon,"[9, 2]"
remind,"[2, 3]"
earli,"[2, 10, 11, 15, 16]"
twitter,"[2, 18, 15]"
small,"[2, 4, 10, 11, 12, 14, 17, 18]"
number,"[2, 6, 7, 10, 12, 18, 19]"
folk,[2]
nerd,[2]
varieti,[2]
interest,"[2, 3, 10, 12, 15, 19]"
log,"[2, 3, 4, 7, 9, 17]"
ruin,[2]
older,[2]
see,"[2, 3, 4, 6, 7, 9, 10, 11, 14, 15, 16, 17, 18, 19]"
present,"[11, 2, 10]"
reason,"[9, 2, 7]"
infer,"[2, 12, 14]"
care,[2]
contrast,[2]
origin,"[18, 2, 10, 4]"
result,"[2, 4, 6, 7, 10, 12, 14, 15, 17, 18, 19]"
choic,"[2, 6, 15]"
rather,"[2, 7, 9, 10, 11, 15]"
tri,"[2, 6, 7, 10, 12, 15]"
captur,"[2, 15]"
monetis,[2]
calm,[2]
predict,"[2, 19, 6]"
closer,[2]
stay,"[2, 10, 11, 15, 18, 19]"
miscellan,[2]
three,"[2, 7, 10, 15, 19]"
invers,[2]
law,[2]
twenti,[2]
five,[2]
subscrib,"[10, 16, 2, 3]"
rss,"[9, 2, 10, 7]"
irc,[2]
email,"[2, 4, 9, 11, 14, 17, 18]"
home,"[2, 6, 11, 12, 19]"
link,"[2, 11, 14]"
feed,"[2, 11, 7]"
github,"[2, 4, 7, 9, 10, 14, 15, 17, 18, 19]"
adolfo,[3]
ochagavía,[3]
blog,"[3, 4, 6, 7, 10, 12, 14, 15, 17, 18, 19]"
consult,[3]
feb,"[3, 9, 11, 15, 19]"
last,"[3, 4, 6, 7, 11, 14, 17, 18, 19]"
week,"[11, 3, 12]"
diagnos,[3]
bug,"[3, 4, 10, 11, 15, 18]"
open,"[3, 4, 6, 7, 10, 14, 15, 17, 18]"
sourc,"[3, 4, 6, 7, 9, 10, 14, 15, 16, 17, 18]"
librari,"[3, 9, 10, 14, 15]"
maintain,"[3, 4, 7, 9, 14, 15, 17, 18]"
issu,"[3, 4, 6, 7, 9, 10, 11, 14, 15, 17, 18]"
gnarli,[3]
enough,"[3, 4, 6, 15, 19]"
right,"[3, 4, 6, 7, 11, 15, 18, 19]"
away,"[10, 3]"
thought,"[3, 12, 6]"
set,"[3, 4, 6, 7, 9, 14, 15, 17, 18, 19]"
breakpoint,[3]
fire,"[3, 15]"
debugg,[3]
root,"[9, 3, 6, 14]"
caus,"[3, 14, 7]"
proceed,[3]
mercilessli,[3]
destroy,[3]
roll,[3]
sleev,[3]
saw,"[10, 3]"
program,"[3, 4, 10, 14, 17, 18]"
complet,"[3, 4, 6, 7, 10, 11, 14, 15, 17, 18, 19]"
without,"[3, 6, 7, 9, 10, 11, 12, 14, 15, 17, 19]"
interrupt,"[18, 3, 15, 7]"
whatsoev,[3]
ignor,"[3, 7, 9, 10, 15]"
even,"[3, 4, 6, 7, 10, 11, 15, 19]"
certain,"[11, 3]"
line,"[3, 4, 9, 10, 17, 18, 19]"
question,"[11, 19, 3, 4]"
must,"[3, 4, 7, 14, 17, 18]"
sure,"[11, 18, 3, 15]"
sinc,"[19, 10, 3]"
problem,"[3, 4, 6, 9, 10, 11, 15, 19]"
solv,"[3, 6, 9, 10, 11, 18]"
mode,"[3, 4, 7, 14, 15, 17]"
think,"[3, 4, 10, 15, 18]"
approach,"[3, 4, 7, 9, 10, 15, 19]"
prey,[3]
tunnel,[3]
vision,[3]
modifi,"[3, 4, 7, 10, 14, 15]"
data,"[3, 7, 10, 11, 12, 14, 15, 16, 19]"
yield,[3]
insight,"[3, 4, 14, 17, 18, 19]"
frustrat,"[10, 3]"
fingertip,[3]
itch,[3]
write,"[3, 4, 6, 7, 9, 12, 14, 15, 17, 18, 19]"
troubleshoot,"[10, 3]"
suddenli,"[11, 3]"
dawn,[3]
darn,[3]
alreadi,"[3, 4, 6, 7, 9, 10, 11, 15, 17]"
might,"[19, 3, 4, 15]"
slower,"[19, 3]"
give,"[3, 4, 6, 7, 10, 15, 19]"
abil,"[16, 10, 3, 7]"
need,"[3, 4, 6, 7, 9, 10, 11, 12, 14, 15, 18, 19]"
configur,"[3, 4, 6, 9, 10, 14]"
observ,"[10, 3, 14, 7]"
behavior,"[9, 10, 3, 7]"
detail,"[3, 9, 11, 15, 17, 18]"
knowledg,"[11, 19, 3, 15]"
paradox,"[10, 3]"
realiz,"[3, 4]"
afterward,[3]
desir,[3]
prevent,"[3, 14, 15]"
made,"[3, 4, 7, 10, 12, 15]"
less,"[3, 7, 10, 11, 12, 19]"
hunt,[3]
everi,"[3, 4, 6, 7, 9, 10, 11, 12, 14, 15, 17, 18, 19]"
programm,[3]
wonder,"[3, 15]"
articl,"[11, 10, 3, 7]"
free,"[19, 3]"
could,"[3, 6, 7, 9, 10, 11, 12, 14, 18, 19]"
help,"[3, 4, 7, 11, 18, 19]"
let,"[3, 4, 7, 9, 10, 14, 15, 19]"
collabor,[3]
vscode,[4]
base,"[4, 6, 7, 10, 11, 12, 15, 18]"
combin,"[10, 4, 7]"
histori,"[4, 9, 11, 14, 17, 18]"
pend,[4]
skip,"[4, 9, 14, 15, 17, 18, 19]"
menu,"[4, 7, 14, 17, 18]"
toggl,"[4, 14, 16, 17, 18]"
appear,"[4, 9, 11, 14, 17, 18]"
creation,"[17, 18, 4, 14]"
copilot,"[17, 18, 4, 14]"
spark,"[17, 18, 4, 14]"
build,"[4, 6, 9, 11, 12, 14, 15, 17, 18, 19]"
deploy,"[4, 11, 14, 17, 18]"
intellig,"[4, 10, 14, 17, 18]"
app,"[4, 11, 14, 15, 17, 18]"
model,"[4, 10, 11, 12, 14, 15, 17, 18]"
manag,"[4, 6, 7, 9, 10, 14, 17, 18]"
compar,"[17, 18, 4, 14]"
mcp,"[4, 10, 14, 15, 17, 18]"
registri,"[17, 18, 4, 14]"
integr,"[4, 9, 12, 14, 17, 18]"
extern,"[4, 7, 12, 14, 17, 18]"
develop,"[4, 6, 7, 9, 10, 12, 14, 15, 17, 18, 19]"
workflow,"[4, 6, 9, 14, 15, 17, 18]"
action,"[4, 7, 11, 14, 16, 17, 18]"
autom,"[4, 9, 14, 17, 18]"
codespac,"[17, 18, 4, 14]"
instant,"[17, 18, 4, 14]"
dev,"[4, 6, 9, 14, 17, 18]"
environ,"[4, 6, 11, 14, 17, 18]"
track,"[4, 7, 9, 14, 17, 18]"
review,"[4, 9, 11, 14, 15, 17, 18]"
applic,"[4, 7, 14, 17, 18, 19]"
advanc,"[17, 18, 4, 14]"
vulner,"[4, 10, 11, 14, 17, 18]"
secret,"[4, 9, 14, 17, 18]"
protect,"[4, 7, 9, 10, 14, 15, 17, 18]"
leak,"[17, 18, 4, 14]"
document,"[4, 7, 9, 14, 15, 17, 18]"
changelog,"[4, 7, 14, 17, 18]"
marketplac,"[17, 18, 4, 14]"
view,"[4, 5, 7, 9, 10, 14, 15, 17, 18]"
featur,"[4, 6, 9, 10, 11, 14, 15, 16, 17, 18]"
solut,"[4, 10, 14, 15, 17, 18, 19]"
compani,"[4, 7, 10, 11, 12, 14, 17, 18, 19]"
size,"[4, 11, 12, 14, 17, 18, 19]"
enterpris,"[4, 7, 14, 17, 18]"
medium,"[17, 18, 4, 14]"
team,"[4, 9, 14, 17, 18]"
startup,"[4, 10, 11, 12, 14, 17, 18]"
nonprofit,"[17, 18, 4, 14]"
case,"[4, 6, 7, 14, 15, 17, 18]"
modern,"[4, 11, 14, 16, 17, 18]"
devsecop,"[17, 18, 4, 14]"
devop,"[17, 18, 4, 14]"
industri,"[17, 18, 4, 14]"
healthcar,"[17, 18, 4, 14]"
financi,"[17, 18, 4, 14]"
manufactur,"[4, 11, 12, 14, 17, 18]"
govern,"[4, 10, 14, 17, 18]"
resourc,"[4, 7, 14, 16, 17, 18]"
topic,"[4, 10, 14, 17, 18]"
softwar,"[4, 6, 7, 10, 11, 12, 14, 17, 18]"
type,"[4, 7, 9, 10, 11, 12, 14, 15, 17, 18]"
custom,"[4, 9, 12, 14, 15, 17, 18]"
stori,"[4, 10, 14, 17, 18, 19]"
event,"[4, 7, 14, 17, 18]"
webinar,"[17, 18, 4, 14]"
ebook,"[17, 18, 4, 14]"
report,"[4, 10, 11, 14, 15, 17, 18]"
busi,"[4, 7, 10, 14, 15, 17, 18]"
support,"[4, 6, 7, 9, 14, 15, 17, 18]"
commun,"[4, 7, 10, 11, 14, 15, 17, 18]"
forum,"[17, 18, 4, 14]"
trust,"[4, 7, 9, 14, 17, 18, 19]"
center,"[4, 7, 14, 17, 18]"
partner,"[4, 10, 14, 17, 18]"
sponsor,"[17, 18, 4, 14]"
fund,"[17, 18, 4, 14]"
lab,"[17, 18, 4, 14]"
acceler,"[17, 18, 4, 14]"
archiv,"[17, 18, 4, 14]"
repositori,"[4, 6, 9, 14, 17, 18]"
trend,"[4, 11, 14, 17, 18]"
collect,"[4, 9, 11, 14, 16, 17, 18]"
avail,"[4, 7, 9, 10, 14, 17, 18]"
premium,"[17, 18, 4, 14]"
price,"[4, 7, 14, 17, 18]"
jump,"[4, 10, 14, 15, 17, 18]"
pull,"[4, 9, 14, 17, 18]"
request,"[4, 7, 9, 10, 14, 15, 17, 18]"
clear,"[4, 10, 14, 17, 18]"
syntax,"[4, 9, 14, 15, 17, 18]"
tip,"[4, 11, 14, 17, 18]"
provid,"[4, 7, 11, 14, 15, 16, 17, 18]"
feedback,"[4, 14, 15, 17, 18]"
take,"[4, 7, 11, 14, 16, 17, 18, 19]"
input,"[4, 10, 12, 14, 17, 18]"
serious,"[4, 6, 14, 17, 18]"
includ,"[4, 7, 9, 10, 11, 14, 15, 17, 18]"
address,"[4, 9, 10, 11, 14, 15, 17, 18, 19]"
cancel,"[4, 7, 14, 15, 17, 18]"
save,"[4, 12, 14, 17, 18, 19]"
quickli,"[4, 11, 14, 17, 18, 19]"
name,"[4, 7, 9, 10, 14, 15, 17, 18]"
queri,"[4, 7, 14, 17, 18, 19]"
qualifi,"[17, 18, 4, 14]"
creat,"[4, 7, 9, 10, 14, 15, 17, 18, 19]"
reset,"[17, 18, 4, 14]"
focu,"[4, 7, 10, 14, 17, 18]"
tab,"[17, 18, 4, 14]"
window,"[4, 10, 12, 14, 15, 17, 18]"
reload,"[17, 18, 4, 14]"
refresh,"[17, 18, 4, 14]"
session,"[4, 7, 14, 15, 17, 18]"
switch,"[4, 9, 10, 14, 17, 18]"
account,"[4, 7, 14, 15, 17, 18]"
dismiss,"[17, 18, 4, 14]"
alert,"[17, 18, 4, 14]"
public,"[4, 10, 14, 15, 17, 18]"
fork,"[17, 18, 4, 14]"
star,"[17, 18, 4, 14]"
licens,"[17, 18, 4, 14]"
mit,"[17, 4]"
branch,"[4, 9, 14, 17, 18, 19]"
tag,"[17, 18, 4, 14]"
activ,"[4, 11, 12, 14, 15, 17, 18, 19]"
project,"[4, 6, 9, 10, 11, 14, 15, 18]"
addit,"[4, 7, 10, 11, 14, 16, 17, 18]"
option,"[4, 6, 9, 10, 14, 15, 17, 18]"
main,"[4, 7, 9, 10, 14, 15, 17, 19]"
go,"[4, 6, 7, 10, 14, 15, 17, 18, 19]"
folder,"[4, 9, 14, 15, 17, 18]"
commit,"[4, 7, 9, 14, 17, 18]"
date,"[17, 18, 4, 14]"
latest,"[17, 18, 4, 14]"
img,[4]
src,"[4, 14]"
readm,"[17, 18, 4, 14]"
easili,"[10, 18, 4]"
instal,"[4, 6, 9, 10, 11, 14, 17, 18]"
openvsx,[4]
tabl,"[4, 7, 15, 18, 19]"
select,"[19, 4, 15, 7]"
smart,"[11, 4]"
tree,"[9, 4]"
delet,"[11, 4]"
heatmap,[4]
color,[4]
pin,"[4, 14]"
section,"[9, 19, 4, 15]"
sync,[4]
statu,"[4, 7, 11, 14, 17, 18]"
group,"[17, 4]"
quick,"[4, 11, 14, 17, 18, 19]"
context,"[4, 9, 10, 15, 19]"
diff,"[9, 4]"
function,"[4, 9, 10, 11, 15, 19]"
editor,"[9, 4, 6, 15]"
uncommit,"[4, 7]"
period,"[4, 6, 11, 16, 17]"
esenti,[4]
directori,"[9, 18, 4, 6]"
structur,"[4, 9, 10, 15, 19]"
count,"[9, 4, 17]"
depth,"[4, 15]"
clearli,[4]
indic,"[10, 11, 4]"
exhum,[4]
temp,[4]
default,"[17, 18, 4, 14]"
click,"[16, 19, 4, 7]"
resurrect,[4]
restor,"[4, 14]"
locat,"[18, 10, 11, 4]"
distinct,"[4, 15, 7]"
edit,"[4, 6, 15, 17, 18]"
brighter,[4]
special,"[9, 10, 4]"
item,"[4, 15]"
want,"[4, 7, 9, 10, 11, 15, 18, 19]"
keep,"[4, 7, 9, 10, 12, 15, 17, 18, 19]"
handi,[4]
independ,"[18, 19, 4]"
whatev,[4]
drag,[4]
drop,"[9, 4, 14]"
pay,"[10, 11, 4]"
diagram,[4]
critic,"[10, 19, 4, 15]"
desktop,"[4, 6]"
workspac,[4]
short,[4]
note,"[4, 7, 14, 15, 17, 18]"
todo,"[4, 15]"
reorder,"[10, 4]"
mark,"[9, 19, 4, 15]"
sensit,"[11, 4]"
key,"[4, 7, 9, 14, 19]"
pro,"[10, 4]"
per,"[4, 7, 9, 12, 14, 19]"
info,[4]
remot,"[10, 11, 4, 6]"
mean,"[4, 6, 7, 10, 14, 19]"
merg,"[9, 4]"
individu,"[4, 15, 7]"
disabl,"[19, 4, 14]"
author,"[9, 19, 4, 14]"
specif,"[4, 9, 10, 11, 12, 15]"
temporari,"[4, 12]"
within,"[10, 19, 4, 7]"
hidden,"[10, 4]"
entir,"[4, 6, 9, 10, 12, 14, 15]"
deliber,"[4, 15]"
simplif,[4]
deeper,"[19, 4]"
analysi,"[10, 4]"
consid,"[4, 7]"
gitlen,[4]
command,"[4, 7, 9, 10, 14, 15, 18]"
organ,"[10, 4]"
differ,"[4, 7, 9, 10, 11, 15, 19]"
beyond,"[9, 4, 14]"
standard,"[4, 7, 9, 10, 11, 14, 15]"
tradit,[4]
hierarchi,"[10, 4]"
hash,"[18, 19, 4]"
blame,"[9, 4]"
moon,[4]
phase,"[19, 4, 14, 15]"
uneven,[4]
distribut,[4]
full,"[4, 7, 9, 10, 14, 15, 17, 18]"
werevolv,[4]
among,[4]
contributor,"[4, 9, 11, 14, 18]"
planetari,[4]
retrograd,[4]
univers,[4]
pluto,[4]
astronomi,[4]
hard,"[4, 15, 7]"
scienc,"[11, 4]"
astrolog,[4]
garbag,"[4, 15]"
know,"[4, 7, 9, 11, 15, 19]"
conflict,"[9, 4, 7]"
sagitariu,[4]
look,"[4, 6, 7, 9, 10, 11, 15, 19]"
elsewher,"[9, 4, 6, 15]"
get,"[4, 7, 9, 10, 11, 12, 15, 17, 18, 19]"
pick,"[9, 4, 15]"
filenam,"[9, 4]"
path,"[4, 6, 9, 10, 14, 15, 17, 19]"
similar,"[4, 6, 7, 9, 10, 11, 14, 15, 16]"
respect,"[9, 11, 4]"
current,"[4, 6, 10, 11, 14, 17]"
refin,"[4, 12, 15]"
trigger,[4]
fulltext,[4]
narrow,"[4, 15]"
exampl,"[4, 7, 9, 10, 15, 16]"
second,"[19, 4, 12, 7]"
shown,"[9, 4]"
exclud,"[9, 10, 4]"
access,"[4, 7, 10, 11, 14, 19]"
side,"[19, 4]"
either,"[9, 4]"
depend,"[4, 6, 7, 9, 14, 15, 18]"
prefer,"[9, 4, 15]"
focus,"[10, 4]"
instead,"[4, 6, 7, 9, 10, 11, 12, 15, 19]"
reveal,"[10, 11, 4]"
discard,"[19, 4, 15]"
multipl,"[4, 7, 9, 12, 15, 16]"
repo,"[9, 4, 17, 15]"
subfold,[4]
worktre,[4]
submodul,"[9, 4]"
ca,"[4, 14]"
fun,"[17, 4]"
add,"[4, 7, 9, 14, 15, 19]"
sever,"[9, 10, 4, 7]"
answer,"[17, 19, 4]"
x,"[10, 4, 15, 7]"
disk,[4]
scope,"[4, 15]"
chain,"[4, 9, 10, 12, 15]"
previou,"[18, 4, 12, 7]"
renam,[4]
ever,"[19, 11, 4, 15]"
ad,"[10, 4, 15]"
remov,"[4, 6, 7, 14, 15]"
across,"[4, 7, 9, 10, 11, 14, 15, 16, 17]"
pickax,[4]
block,"[10, 4, 14, 7]"
rang,"[9, 10, 11, 4]"
string,"[10, 18, 4]"
match,"[9, 19, 4]"
touch,"[19, 4]"
wrapper,"[17, 4]"
cursor,[4]
word,"[11, 4, 15, 7]"
funcnam,[4]
pattern,"[9, 10, 4, 15]"
b,"[4, 14, 7]"
comparison,[4]
version,"[4, 7, 9, 17, 18, 19]"
toolbar,[4]
visibl,"[18, 4, 15, 7]"
process,"[4, 7, 10, 12, 17, 18, 19]"
mani,"[4, 6, 7, 11, 18, 19]"
maximum,[4]
length,"[4, 15]"
batch,[4]
lower,"[10, 19, 4]"
valu,"[4, 7, 9, 15, 19]"
encount,"[4, 7]"
limit,"[17, 10, 19, 4]"
os,[4]
higher,"[10, 4]"
char,"[10, 4]"
conserv,"[11, 4]"
much,"[4, 6, 10, 11, 12]"
linux,"[4, 6, 9, 14, 18]"
long,"[4, 7, 10, 11, 15]"
underli,[4]
mechan,"[10, 4, 15, 7]"
ripgrep,[4]
hit,"[19, 4, 6, 7]"
split,"[19, 4, 15]"
button,"[19, 4, 7]"
background,"[10, 4, 12]"
copi,"[9, 18, 4, 7]"
absolut,[4]
rel,"[10, 4]"
clone,"[9, 18, 4, 17]"
larg,"[4, 6, 11, 12, 18, 19]"
join,"[4, 7, 15, 18, 19]"
codebas,"[9, 4, 15]"
thousand,"[4, 7, 10, 11, 16]"
overwhelm,[4]
happen,"[4, 6, 7, 11, 15, 19]"
friction,"[4, 6]"
brows,[4]
manual,"[4, 9, 10, 14, 17, 18]"
mayb,"[4, 15]"
high,"[10, 19, 4, 14]"
requir,"[4, 7, 9, 10, 14, 15, 17, 18, 19]"
mental,"[4, 15]"
visual,"[4, 6, 7, 11, 15]"
overview,[4]
extra,"[9, 19, 4, 14]"
panel,[4]
low,"[4, 14]"
immedi,"[10, 11, 4, 7]"
familiar,"[19, 4]"
swear,[4]
exist,"[4, 10, 15, 16, 19]"
misrememb,[4]
drink,[4]
els,"[4, 6, 15]"
fault,[4]
saniti,[4]
assum,"[10, 18, 4]"
wrong,"[11, 4, 14, 15]"
hint,"[4, 5]"
occur,"[4, 7]"
zero,"[19, 4, 14]"
pain,"[4, 6, 15]"
wish,[4]
easier,"[10, 11, 4]"
checkout,[4]
expertis,[4]
revis,[4]
step,"[9, 10, 4]"
lost,"[10, 4]"
empti,"[9, 4]"
discourag,[4]
frequent,"[10, 4]"
check,"[4, 7, 9, 10, 14, 15, 17, 19]"
punish,[4]
good,"[9, 4, 15]"
practic,"[4, 6, 7, 10, 11]"
place,"[4, 6, 7, 18, 19]"
freeli,[4]
persist,"[17, 4, 15]"
great,"[4, 6, 11, 15, 19]"
reformat,[4]
format,"[9, 4, 14]"
lint,"[9, 4]"
pollut,"[9, 4]"
termin,"[4, 15]"
variou,"[9, 18, 4]"
done,"[4, 6, 10, 14, 15, 18, 19]"
cool,"[10, 4]"
probabl,"[9, 19, 4]"
miss,"[10, 19, 4, 7]"
freshfileexplor,[4]
contribut,[4]
idea,"[19, 11, 4, 7]"
faster,"[4, 12, 14, 15, 19]"
hors,"[11, 4]"
extrem,[4]
reproduc,[4]
replac,"[10, 4, 7]"
opinion,[4]
orient,[4]
stash,[4]
testimoni,[4]
averag,"[11, 4]"
chatbot,[4]
instruct,"[4, 9, 10, 15, 19]"
linu,[4]
torvald,[4]
uh,"[17, 18, 4, 14]"
oh,"[17, 18, 4, 14]"
error,"[4, 10, 14, 15, 17, 18]"
load,"[4, 9, 10, 14, 17, 18, 19]"
pleas,"[4, 14, 17, 18, 19]"
watcher,"[17, 18, 4, 14]"
watch,"[4, 7, 14, 17, 18]"
releas,"[4, 7, 10, 12, 14, 17, 18]"
publish,"[4, 11, 14, 17, 18]"
packag,"[4, 9, 10, 14, 17, 18]"
typescript,[4]
javascript,"[17, 4]"
footer,"[4, 9, 14, 17, 18]"
privaci,"[4, 6, 7, 10, 11, 14, 17, 18, 19]"
doc,"[4, 9, 14, 17, 18]"
cooki,"[4, 7, 14, 17, 18]"
share,"[4, 7, 10, 11, 14, 15, 17, 18]"
perform,"[4, 6, 7, 10, 11, 12, 14, 15, 17, 18, 19]"
voxjong,[5]
solitair,[5]
tile,[5]
isometr,[5]
zoom,[5]
hayzam,[6]
min,"[12, 6, 7]"
studio,[6]
perfect,"[10, 6]"
definit,"[19, 6, 15]"
lightweight,[6]
strike,[6]
sweet,"[19, 6]"
spot,"[10, 19, 6, 15]"
proprietari,"[10, 6]"
microsoft,[6]
realli,"[19, 11, 6, 7]"
thank,"[11, 6]"
fine,"[6, 7, 9, 12, 17]"
hold,"[12, 6]"
fulli,[6]
machin,"[10, 6]"
mac,"[18, 6]"
come,"[6, 7, 10, 11, 12]"
regress,[6]
batteri,[6]
life,"[11, 6]"
unfortun,[6]
tell,"[19, 9, 11, 6]"
laptop,"[12, 6]"
truli,"[19, 10, 11, 6]"
rival,[6]
silicon,"[12, 6]"
product,"[6, 7, 10, 11, 15, 19]"
killer,[6]
debian,[6]
favorit,"[11, 6]"
distro,[6]
maco,[6]
experi,"[10, 19, 6]"
embed,"[12, 6]"
openwrt,[6]
devic,"[6, 10, 11, 14, 17]"
box,[6]
usual,"[10, 6]"
nf,[6]
mount,[6]
sshf,[6]
setup,"[9, 17, 6, 14]"
honestli,[6]
aw,[6]
stack,"[17, 10, 6]"
sveltekit,[6]
backend,"[11, 6, 14]"
involv,"[6, 7]"
lot,"[10, 12, 6]"
grow,"[11, 6]"
especi,"[19, 6, 15]"
lsp,[6]
slightli,"[19, 6, 7]"
toler,[6]
countless,[6]
weird,"[11, 6]"
permiss,[6]
real,"[10, 19, 6, 15]"
blocker,[6]
enter,"[19, 11, 12, 6]"
ssh,"[9, 10, 6]"
coupl,[6]
offici,[6]
major,"[10, 11, 6, 15]"
oper,"[6, 7, 10, 11, 14, 18, 19]"
notabl,"[9, 6]"
connect,"[10, 6, 7]"
smooth,[6]
expect,"[6, 9, 10, 15, 18]"
hack,"[6, 10, 11, 15, 17]"
drama,[6]
target,"[17, 11, 6]"
local,"[6, 9, 10, 12, 17]"
natur,"[17, 6]"
next,"[6, 7, 10, 12, 15, 18, 19]"
fairli,[6]
sylv,[6]
nightmar,[6]
due,"[18, 12, 6, 7]"
sheer,[6]
decid,"[12, 6, 7]"
unsupport,[6]
fair,"[19, 6]"
excel,"[10, 6, 15]"
http,"[6, 9, 10, 17, 18]"
almost,"[19, 6, 15]"
laughabl,[6]
simpl,"[6, 7, 9, 10, 19]"
fact,"[11, 6]"
initi,"[6, 10, 11, 12, 14, 19]"
enabl,"[11, 6, 14]"
emul,[6]
pkg,[6]
rocki,[6]
achiev,"[6, 7, 10, 14, 15]"
explicitli,[6]
sshd,[6]
accept,"[11, 6, 15]"
variabl,"[10, 19, 6]"
sysrc,[6]
config,"[9, 6, 14]"
setenv,[6]
client,"[10, 6, 7]"
host,"[9, 6, 17]"
hostnam,[6]
port,"[17, 10, 6]"
identityfil,[6]
identitiesonli,[6]
serveraliveinterv,[6]
serveralivecountmax,[6]
remotecommand,[6]
skeptic,[6]
half,"[19, 6]"
break,"[6, 7, 12, 15, 19]"
server,"[6, 9, 10, 11, 19]"
crash,[6]
mediocr,[6]
none,"[11, 6]"
reli,"[10, 6, 7]"
flawlessli,[6]
except,"[6, 7]"
rollup,[6]
ship,"[9, 6, 15]"
wasm,[6]
simpli,"[6, 7, 10, 11, 12, 16]"
overrod,[6]
npm,[6]
overrid,"[9, 6, 15]"
fast,"[6, 7, 12, 15, 17, 19]"
transpar,[6]
importantli,"[12, 6]"
testament,[6]
stabl,"[18, 6]"
abi,[6]
implement,"[6, 7, 11, 15, 19]"
biggest,[6]
impress,[6]
excit,"[18, 6]"
rare,"[11, 6]"
fragil,[6]
prev,[6]
iphon,"[11, 6]"
normal,"[9, 10, 12, 6]"
reserv,"[6, 7, 11, 18, 19]"
planetscal,[7]
postgr,[7]
migrat,"[9, 15, 7]"
book,"[12, 7]"
meet,[7]
engin,"[7, 10, 11, 14, 15, 19]"
close,[7]
consist,"[12, 7]"
undo,[7]
mysql,[7]
isol,"[15, 14, 7]"
level,"[15, 7]"
phantom,[7]
dirti,[7]
concurr,"[19, 7]"
lock,[7]
serializ,[7]
snapshot,[7]
conclus,"[10, 7]"
fastest,"[14, 7]"
cloud,"[10, 11, 7]"
month,"[7, 10, 11, 12, 15]"
ben,[7]
dicken,[7]
januari,"[11, 7]"
fundament,"[15, 7]"
sql,"[19, 15, 7]"
trillion,[7]
sequenc,[7]
atom,"[19, 7]"
replay,"[17, 7]"
act,"[15, 7]"
statement,[7]
situat,"[19, 7]"
unexpect,"[10, 7]"
drive,"[11, 14, 7]"
failur,"[15, 14, 7]"
power,"[10, 14, 7]"
outag,[7]
correctli,"[9, 10, 7]"
handl,"[7, 9, 10, 14, 15]"
scenario,[7]
disast,[7]
recoveri,[7]
techniqu,"[18, 7]"
wal,[7]
intent,[7]
midway,[7]
rollback,"[14, 7]"
modif,"[10, 14, 7]"
ongo,"[12, 15, 7]"
leav,"[19, 14, 7]"
unalt,[7]
speed,"[9, 10, 7]"
anim,"[11, 7]"
slow,"[12, 7]"
allow,"[19, 10, 11, 7]"
simultan,[7]
interf,[7]
twice,[7]
joe,[7]
ing,[7]
never,"[7, 9, 10, 14, 15, 19]"
nice,"[19, 7]"
segu,[7]
import,"[7, 10, 11, 15, 18]"
concept,"[12, 7]"
unaffect,[7]
capabl,"[7, 10, 11, 14, 16]"
repeat,"[17, 12, 15, 7]"
plu,"[17, 7]"
stricter,[7]
howev,"[10, 18, 7]"
goal,"[18, 19, 7]"
row,"[17, 19, 15, 7]"
insert,"[19, 7]"
along,"[15, 7]"
metadata,"[9, 17, 7]"
overwrit,[7]
old,"[7, 9, 10, 12, 19]"
record,[7]
reconstruct,"[15, 7]"
left,[7]
play,"[19, 7]"
id,"[15, 7]"
liz,[7]
ali,[7]
xmax,[7]
max,[7]
xmin,[7]
broader,"[11, 15, 7]"
ummm,[7]
odd,[7]
determin,"[10, 7]"
press,[7]
stage,"[14, 7]"
greater,[7]
state,"[7, 9, 10, 12, 14, 15, 18]"
abl,"[10, 11, 7]"
wo,"[19, 7]"
bleed,[7]
hundr,"[16, 10, 7]"
duplic,"[19, 15, 7]"
mitig,[7]
purg,[7]
forward,[7]
compact,"[15, 7]"
notic,"[19, 15, 7]"
unus,"[19, 7]"
elimin,"[15, 14, 7]"
gap,"[10, 15, 7]"
compress,[7]
reclaim,[7]
space,"[9, 11, 7]"
mainten,[7]
column,"[19, 7]"
blue,[7]
xid,[7]
refer,"[7, 9, 12, 14, 15, 17]"
ptr,"[10, 7]"
may,"[17, 18, 11, 7]"
clobber,[7]
choos,[7]
correct,"[9, 10, 15, 7]"
identifi,"[10, 11, 15, 7]"
adjust,[7]
tradeoff,"[19, 7]"
four,"[14, 7]"
strongest,[7]
weakest,[7]
stronger,[7]
inconsist,[7]
cost,"[19, 11, 12, 7]"
behav,[7]
sequenti,"[12, 7]"
order,"[7, 9, 11, 18, 19]"
realiti,"[10, 19, 7]"
ran,"[9, 10, 7]"
accomplish,"[10, 11, 7]"
complex,"[7, 12, 14, 15, 18, 19]"
wait,[7]
gradual,[7]
loosen,[7]
strict,"[17, 15, 7]"
describ,"[15, 7]"
undesir,[7]
phenomena,[7]
prohibit,[7]
typic,"[17, 10, 15, 7]"
horizont,[7]
axi,[7]
repres,"[18, 11, 7]"
pass,"[9, 10, 19, 7]"
possibl,"[17, 18, 7]"
later,"[18, 7]"
danger,"[11, 7]"
assumpt,"[15, 7]"
feet,[7]
arguabl,[7]
worst,[7]
written,"[7, 10, 14, 15, 17]"
yet,"[10, 15, 7]"
bad,"[7, 10, 14, 15, 19]"
loosest,[7]
particular,"[18, 7]"
quit,[7]
purpos,"[14, 7]"
moment,"[15, 7]"
precis,"[15, 7]"
strictest,[7]
relat,"[10, 11, 12, 7]"
put,"[9, 19, 15, 7]"
ownership,"[12, 7]"
obtain,[7]
finish,"[10, 7]"
exclus,[7]
safe,"[10, 7]"
own,[7]
given,"[10, 7]"
mess,"[10, 11, 15, 7]"
alway,"[7, 9, 11, 14, 15, 18]"
overhead,"[17, 7]"
lead,"[10, 7]"
deadlock,[7]
detect,"[9, 10, 11, 7]"
kill,[7]
progress,"[15, 7]"
avoid,"[19, 7]"
predic,[7]
specifi,"[9, 11, 7]"
optimist,[7]
resolut,[7]
acquir,[7]
guarante,[7]
subtl,[7]
leverag,[7]
favor,[7]
outcom,"[15, 7]"
retri,"[17, 15, 7]"
tini,"[10, 7]"
corner,[7]
amaz,[7]
goe,"[15, 7]"
scratch,"[15, 7]"
esoter,[7]
us,"[7, 10, 11, 18, 19]"
cover,"[9, 11, 7]"
discord,[7]
happi,[7]
career,[7]
studi,"[19, 15, 7]"
benchmark,"[7, 10, 14, 17, 19]"
cours,[7]
scale,"[19, 7]"
vitess,[7]
patent,[7]
linkedin,"[10, 19, 15, 7]"
youtub,[7]
facebook,[7]
forecast,[8]
andrew,"[9, 11]"
nesbitt,[9]
extend,"[9, 15]"
travel,[9]
affect,"[9, 11, 14]"
ensur,"[9, 10, 14]"
wildcard,[9]
marker,[9]
wherev,[9]
clutter,[9]
negat,[9]
charact,[9]
nest,"[9, 11]"
gitlab,[9]
gitea,[9]
ui,"[9, 17]"
often,"[9, 10, 11, 15, 19]"
gitignor,[9]
templat,[9]
driver,"[9, 14, 15]"
text,[9]
strategi,"[9, 10]"
linguist,[9]
attribut,[9]
vendor,"[9, 10]"
statist,"[9, 19]"
collaps,[9]
stat,"[9, 19]"
gitattribut,[9]
lf,[9]
endpoint,"[9, 15]"
url,"[16, 9]"
transfer,"[9, 14]"
maxretri,[9]
automat,"[9, 11, 14]"
everyon,"[9, 15]"
rewrit,"[9, 18]"
entri,"[9, 14]"
emb,[9]
fetch,"[9, 12]"
init,[9]
recurs,[9]
forget,[9]
confus,[9]
monorepo,[9]
explain,"[9, 10, 15]"
gitmodul,[9]
canon,[9]
ident,"[9, 19]"
shortlog,[9]
output,"[9, 10, 12]"
jane,[9]
spell,"[9, 19, 15]"
j,[9]
proper,"[9, 10]"
graph,[9]
mailmap,[9]
analyz,"[9, 10]"
typo,[9]
aggreg,[9]
gitmailmap,[9]
sha,[9]
bulk,"[9, 17]"
nois,"[9, 10]"
prettier,[9]
eslint,[9]
flat,[9]
formatt,[9]
useless,"[9, 10, 19]"
subject,[9]
bodi,[9]
feat,[9]
style,[9]
refactor,[9]
test,"[9, 10, 11, 14, 15, 17, 18]"
chore,"[9, 11]"
unlik,[9]
script,"[9, 10, 14, 17]"
huski,[9]
hook,[9]
guid,"[9, 11, 17]"
mention,"[9, 10]"
altern,"[9, 10, 19]"
dynam,"[9, 19]"
forg,[9]
insid,"[9, 11]"
pr,[9]
codeown,[9]
forgejo,[9]
fallback,"[9, 14]"
sourcehut,[9]
ci,[9]
dedic,"[9, 14]"
namespac,[9]
convent,"[9, 15]"
anyth,"[9, 10, 11, 15]"
suggest,"[9, 11, 15]"
common,[9]
nativ,[9]
kernel,"[9, 18, 14]"
verif,[9]
gerrit,[9]
openstack,[9]
android,[9]
eclips,[9]
push,"[9, 19]"
gitlint,[9]
rule,[9]
jujutsu,[9]
vc,[9]
jj,[9]
dotfil,[9]
indent,[9]
trail,[9]
whitespac,[9]
encod,"[9, 15]"
charset,[9]
fals,"[9, 10, 19]"
vim,[9]
emac,[9]
sublim,[9]
plugin,"[9, 18]"
spec,[9]
rbenv,[9]
nodenv,[9]
pyenv,[9]
nvm,[9]
asdf,[9]
cd,"[9, 18, 14, 15]"
rubi,[9]
nodej,[9]
python,"[9, 18, 14, 17]"
send,"[9, 10, 11, 15, 17]"
daemon,"[9, 10]"
imag,"[16, 9, 11, 17]"
walk,[9]
subsect,[9]
parser,"[9, 10]"
quesma,[10]
bench,[10]
piotr,[10]
grabowski,[10]
rafał,[10]
strzaliński,[10]
michał,[10]
kowalczyk,[10]
migdał,[10]
jacek,[10]
migdal,[10]
februari,"[10, 11, 12]"
nsa,[10]
classic,"[10, 19]"
atari,[10]
task,"[17, 10, 12, 15]"
malwar,"[10, 18]"
redford,[10]
revers,[10]
expert,"[10, 11]"
dragon,[10]
sector,[10]
known,[10]
malici,[10]
polish,"[10, 14]"
train,[10]
binaryaudit,[10]
posit,"[10, 19]"
rate,"[17, 10, 19, 12]"
profici,[10]
pareto,[10]
frontier,[10]
surpris,"[10, 11]"
today,"[10, 19]"
possess,[10]
readi,"[16, 10, 15]"
opu,[10]
obviou,[10]
flag,[10]
clean,"[10, 11, 15]"
fail,"[10, 14, 15]"
shai,[10]
hulud,[10]
compromis,[10]
fortun,[10]
bank,[10]
postmortem,[10]
posthog,[10]
suppli,"[10, 18, 12]"
attack,"[10, 11]"
node,[10]
ecosystem,[10]
inject,"[10, 15]"
steal,[10]
credenti,"[17, 10, 11]"
hijack,[10]
actor,[10]
legitim,[10]
infect,[10]
stake,[10]
infrastructur,[10]
research,"[18, 10, 11, 15]"
radio,[10]
chines,"[10, 11]"
solar,[10]
invert,[10]
loophol,[10]
electr,"[10, 12]"
buse,[10]
digit,"[10, 18]"
firmwar,"[17, 10]"
harder,"[10, 11]"
impact,[10]
corpor,[10]
incent,[10]
tamper,[10]
suspici,[10]
malfunct,[10]
talk,"[10, 19, 15]"
chao,[10]
congress,[10]
dieselg,[10]
writeup,[10]
subsequ,[10]
router,[10]
admin,"[10, 14, 15]"
password,[10]
bake,[10]
anyon,[10]
discov,"[10, 11]"
abstract,[10]
class,[10]
forc,"[10, 14]"
compil,"[18, 19, 10, 11]"
translat,[10]
architectur,"[10, 14, 15]"
arm,[10]
raw,"[10, 14, 15]"
regist,"[10, 12, 14]"
togeth,"[10, 15]"
aggress,[10]
readabl,"[10, 15]"
inlin,"[10, 19, 15]"
unrol,[10]
loop,"[17, 10, 19, 15]"
concis,[10]
repetit,[10]
processor,[10]
tediou,[10]
assembl,[10]
represent,[10]
xxd,[10]
trace,[10]
df,[10]
ba,[10]
ff,[10]
cf,[10]
fd,[10]
disassembl,[10]
objdump,[10]
mov,[10]
ecx,[10]
rdi,[10]
rbx,[10]
edx,[10]
rax,[10]
je,[10]
movzx,[10]
byte,"[17, 10]"
lea,[10]
rsi,[10]
omit,[10]
breviti,[10]
plt,[10]
decompil,[10]
ulong,[10]
straightforward,"[10, 15]"
c,"[10, 14, 15, 17, 18, 19]"
commerci,[10]
ida,[10]
ninja,[10]
got,[10]
strip,[10]
symbol,"[10, 18]"
anthrop,"[17, 10]"
googl,"[10, 11]"
openai,"[17, 10]"
nm,[10]
lighttpd,[10]
dnsmasq,[10]
dropbear,[10]
sozu,[10]
balanc,[10]
undocu,[10]
header,"[10, 14, 15]"
caveat,[10]
artifici,[10]
claim,"[10, 11, 12]"
particularli,[10]
sophist,"[10, 11]"
heavili,[10]
obfusc,[10]
obscur,[10]
kind,[10]
anomali,[10]
human,"[10, 11]"
debug,"[10, 14]"
binutil,[10]
pinpoint,[10]
methodolog,[10]
simpler,"[10, 19, 15]"
simul,[10]
subset,[10]
alter,[10]
shell,"[17, 10, 18, 14]"
core,"[10, 12, 15]"
popen,[10]
return,"[10, 19]"
respons,"[17, 10, 14]"
gboolean,[10]
liconnect,[10]
con,[10]
lirequest,[10]
req,[10]
glist,[10]
l,[10]
null,[10]
lihttphead,[10]
hh,[10]
debugin,[10]
fp,"[10, 19]"
r,"[10, 15]"
debugout,[10]
pclose,[10]
strlen,[10]
download,"[10, 18, 15]"
seem,[10]
trivial,"[10, 19]"
craft,[10]
packet,[10]
grep,"[10, 15]"
expand,"[10, 11]"
hardcod,[10]
ip,"[10, 11]"
f,"[10, 15]"
u,"[10, 15]"
alarm,[10]
spawn,[10]
worker,"[10, 14]"
investig,"[18, 10, 11]"
axt,[10]
smell,[10]
fishi,[10]
examin,[10]
pdc,[10]
pseudocod,[10]
conveni,[10]
confirm,"[17, 10, 11, 15]"
pd,[10]
confid,[10]
ration,[10]
dhcp,[10]
embarrassingli,[10]
execl,[10]
sh,[10]
buf,[10]
opt,[10]
sz,[10]
int,[10]
len,[10]
memcpi,"[10, 14]"
persuad,[10]
worri,"[10, 11]"
fool,[10]
exact,"[10, 15]"
usag,"[10, 15]"
conclud,[10]
leas,[10]
circl,[10]
dozen,"[10, 19]"
buri,[10]
deep,[10]
strateg,[10]
handler,[10]
lack,[10]
intuit,"[10, 19, 12]"
priorit,[10]
area,"[10, 18]"
keyword,[10]
exec,[10]
heurist,[10]
hallucin,[10]
rabbit,[10]
hole,"[10, 11]"
fixat,[10]
wast,"[10, 19, 15]"
audit,[10]
benign,[10]
untouch,[10]
drown,[10]
curl,"[17, 10]"
partli,[10]
slop,[10]
vast,"[10, 15]"
pure,"[10, 19]"
nonsens,[10]
fake,[10]
neg,"[10, 19]"
vide,[10]
measur,"[10, 19]"
incorrectli,[10]
gemini,[10]
supposedli,[10]
argument,[10]
index,[10]
offset,"[10, 19, 15]"
highli,[10]
ttl,[10]
integ,[10]
furthermor,[10]
append,[10]
ini,[10]
duid,[10]
disguis,[10]
attempt,[10]
restrict,[10]
verifi,"[10, 11, 14, 15, 18]"
success,"[10, 18]"
basic,"[10, 12]"
lag,[10]
behind,[10]
caddi,[10]
weigh,[10]
produc,"[19, 10, 18, 15]"
poor,[10]
qualiti,"[10, 14]"
usabl,[10]
suffici,[10]
mostli,"[10, 19]"
reliabl,[10]
viabl,[10]
struggl,[10]
larger,"[10, 19, 14]"
mimic,[10]
rout,[10]
flow,"[17, 10, 12, 15]"
whole,"[10, 15]"
field,"[10, 15]"
wider,"[10, 15]"
opportun,[10]
hardwar,"[17, 10, 12, 14]"
futur,"[10, 11]"
believ,[10]
improv,"[10, 19]"
demonstr,[10]
drastic,[10]
moreov,[10]
upload,"[16, 10]"
evad,[10]
necessit,[10]
privat,"[10, 11]"
defens,[10]
tune,"[10, 12]"
continu,"[10, 11, 12, 15]"
opentelemetri,[10]
pitch,"[10, 11]"
sre,[10]
instrument,[10]
przemek,[10]
delewski,[10]
compilebench,[10]
sep,[10]
river,[10]
raid,[10]
rafal,[10]
strzalinski,[10]
polici,"[19, 10, 11]"
kit,[10]
archaeolog,[11]
biolog,[11]
dinosaur,[11]
weirdest,[11]
aviat,[11]
militari,[11]
photographi,[11]
vehicl,[11]
agricultur,[11]
climat,[11]
energi,"[11, 12]"
sustain,[11]
diy,[11]
tech,[11]
gear,[11]
audio,[11]
camera,[11]
fit,"[19, 11, 14, 15]"
gift,[11]
theater,[11]
outdoor,[11]
phone,[11]
tablet,[11]
wearabl,[11]
merch,[11]
art,"[11, 12]"
newslett,"[11, 15]"
sammi,[11]
azdouf,[11]
steer,"[11, 15]"
dji,[11]
romo,[11]
mack,[11]
degeurin,[11]
est,[11]
armi,[11]
cute,[11]
getti,[11]
daili,"[17, 11]"
breakthrough,[11]
discoveri,[11]
six,[11]
earnest,[11]
effort,"[11, 15]"
inadvert,[11]
grant,[11]
sneak,[11]
peak,[11]
reportedli,[11]
soon,"[19, 11, 12]"
microphon,[11]
countri,[11]
expos,[11]
hand,[11]
surveil,[11]
owner,[11]
luckili,[11]
chose,[11]
exploit,[11]
verg,[11]
flaw,[11]
resolv,[11]
dramat,"[11, 15]"
episod,[11]
underscor,[11]
warn,"[11, 14]"
cybersecur,[11]
attract,[11]
household,[11]
adopt,"[11, 15]"
newer,[11]
humanoid,[11]
technic,"[11, 12, 15, 17, 18]"
risk,"[11, 14]"
amplifi,[11]
djiglob,[11]
huge,"[19, 11]"
movement,"[16, 11]"
gonzagu,[11]
massiv,"[19, 11, 12]"
autonom,[11]
china,[11]
retail,[11]
roughli,[11]
terrier,[11]
fridg,[11]
dock,[11]
station,[11]
equip,[11]
sensor,[11]
surround,"[11, 15]"
obstacl,[11]
schedul,"[17, 11, 15]"
mop,[11]
constantli,"[11, 15]"
say,"[19, 11, 12, 15]"
kitchen,[11]
bedroom,[11]
distinguish,"[18, 11]"
token,"[11, 12, 14, 15]"
prove,[11]
essenti,"[19, 11, 12, 15]"
meant,[11]
tap,[11]
floor,[11]
approxim,[11]
insist,[11]
amount,"[11, 12]"
late,[11]
remedi,[11]
told,[11]
went,[11]
enhanc,[11]
entail,[11]
grappl,[11]
concern,[11]
amid,[11]
uneas,[11]
earlier,[11]
ring,[11]
flood,[11]
controversi,[11]
advertis,[11]
parti,[11]
interpret,[11]
trojan,[11]
monitor,"[17, 11]"
retriev,[11]
footag,[11]
doorbel,"[11, 14]"
abduct,[11]
reignit,[11]
debat,[11]
consum,"[11, 12, 14, 15]"
lawmak,[11]
polit,[11]
spent,"[11, 15]"
pose,[11]
uniqu,"[18, 11]"
threat,[11]
murki,[11]
nonetheless,[11]
justifi,[11]
ban,[11]
ironi,[11]
categori,[11]
welcom,"[17, 11]"
market,[11]
firm,[11]
park,[11]
associ,"[18, 11]"
estim,"[19, 11]"
million,"[19, 11]"
survey,[11]
tesla,[11]
figur,[11]
race,[11]
dish,[11]
crack,[11]
walnut,[11]
eventu,"[19, 11]"
servant,[11]
unpreced,[11]
intim,[11]
stalker,[11]
goldmin,[11]
wrap,"[11, 12]"
joystick,[11]
mission,[11]
popsci,[11]
innov,[11]
collid,[11]
previous,[11]
gizmodo,[11]
york,[11]
magazin,[11]
vice,[11]
shark,[11]
white,[11]
flee,[11]
orca,[11]
margherita,[11]
bassi,[11]
endang,[11]
speci,[11]
score,[11]
win,"[19, 11, 15]"
demystifi,[11]
deliv,[11]
inbox,[11]
agre,[11]
paul,"[16, 11]"
signific,"[11, 12]"
yael,[11]
grauer,[11]
purbita,[11]
saha,[11]
wallet,[11]
obsolet,[11]
louvr,[11]
heist,[11]
museum,[11]
japan,[11]
beer,[11]
peril,[11]
american,[11]
scam,[11]
fall,"[11, 15]"
myth,[11]
justin,[11]
pot,[11]
esim,[11]
david,[11]
nield,[11]
ceil,[11]
fan,[11]
annoy,[11]
vermont,[11]
bring,[11]
alexa,[11]
amazon,[11]
stick,[11]
preserv,[11]
goodby,[11]
companion,[11]
die,[11]
eric,[11]
promis,[11]
bill,[11]
gourgey,[11]
editori,[11]
tv,[11]
channel,[11]
condit,[11]
affili,[11]
disclosur,[11]
sitemap,[11]
deposit,[11]
photo,[11]
disclaim,"[11, 14]"
revenu,[11]
purchas,[11]
constitut,[11]
recurr,[11]
sell,[11]
shop,[11]
linkblog,[12]
asic,[12]
quant,[12]
cheaper,[12]
gpu,"[12, 14]"
hog,[12]
yeah,[12]
liter,[12]
hardwir,[12]
weight,"[12, 14]"
sound,[12]
head,[12]
dig,[12]
blogpost,[12]
localllama,[12]
henc,[12]
circuit,[12]
kinda,[12]
cartridg,[12]
rewritten,[12]
nvidia,"[12, 14]"
stuff,[12]
ineffici,[12]
eg,[12]
matric,[12]
convert,[12]
aka,[12]
ram,"[18, 12, 14]"
matrix,[12]
intermedi,[12]
vram,"[12, 14]"
math,"[19, 12]"
cycl,"[19, 12, 14, 15]"
till,[12]
journey,[12]
constant,[12]
bu,[12]
induc,[12]
latenc,"[17, 12]"
bandwidth,"[19, 12, 14]"
bottleneck,"[12, 14]"
loos,[12]
von,[12]
neumann,[12]
wall,[12]
sidestep,[12]
engrav,[12]
transistor,[12]
etch,[12]
invent,[12]
scheme,[12]
multipli,[12]
arriv,[12]
wire,[12]
pipelin,"[12, 14, 15]"
stream,"[12, 14]"
sram,[12]
mix,"[12, 14]"
dram,[12]
gate,[12]
crisi,[12]
kv,"[12, 14]"
cach,"[12, 14, 15, 18, 19]"
lora,[12]
adapt,"[19, 12, 14, 15]"
fabric,[12]
super,[12]
expens,"[19, 12, 15]"
grid,[12]
ground,[12]
suppos,[12]
insan,[12]
stuck,[12]
finger,[12]
cross,[12]
minim,"[19, 12, 14, 15]"
html,"[17, 12]"
ntransform,[14]
pcie,[14]
nvme,[14]
decod,[14]
resid,[14]
gb,[14]
tier,[14]
auto,[14]
mmap,[14]
thrash,[14]
speedup,[14]
baselin,[14]
reduc,[14]
cosin,[14]
calibr,[14]
loss,[14]
cuda,[14]
toolkit,[14]
pytorch,[14]
cubla,[14]
gguf,[14]
quantiz,[14]
slep,[14]
overlap,[14]
dma,[14]
userspac,[14]
redund,"[14, 15]"
threshold,"[19, 14]"
draft,[14]
rope,[14]
gqa,[14]
swiglu,[14]
rmsnorm,[14]
ubuntu,[14]
cmake,"[17, 14]"
ssd,[14]
slot,[14]
mkdir,[14]
hello,[14]
chat,"[17, 14, 15]"
backup,[14]
sudo,[14]
reboot,"[17, 14]"
incompat,[14]
apt,[14]
grub,[14]
amd,[14]
iommu,[14]
dkm,[14]
cudahostregisteriomemori,[14]
mmio,[14]
black,[14]
screen,[14]
cp,[14]
dir,[14]
glibc,[14]
declar,[14]
rsqrt,[14]
rsqrtf,[14]
noexcept,[14]
vfio,[14]
modul,[14]
bound,[14]
geforc,[14]
unload,[14]
unsaf,[14]
noiommu,[14]
modprob,[14]
unbind,[14]
bind,[14]
boot,[14]
refus,[14]
bio,[14]
paramet,"[19, 14, 15]"
submiss,[14]
passthrough,[14]
wd,[14]
incorrect,[14]
theoret,"[19, 14]"
storag,"[19, 14]"
instabl,[14]
secondari,[14]
damag,[14]
bdf,[14]
standalon,[14]
buffer,[14]
dd,[14]
busmast,[14]
queue,"[14, 15]"
mb,[14]
ms,[14]
land,"[19, 14]"
async,[14]
doubl,[14]
tensor,[14]
alloc,"[19, 14]"
gemv,[14]
softmax,[14]
transform,"[14, 15]"
loader,[14]
ffn,[14]
norm,[14]
sampler,[14]
timer,[14]
logger,[14]
unit,[14]
gemm,[14]
hybrid,[14]
perman,[14]
cudamemgetinfo,[14]
memavail,[14]
roadmap,[14]
foundat,"[18, 14]"
specul,[14]
samuel,[14]
cort,[14]
roja,[14]
bori,[15]
tane,[15]
sdlc,[15]
annot,[15]
seat,[15]
sentenc,[15]
primari,[15]
approx,[15]
settl,[15]
radic,[15]
onlin,[15]
stitch,[15]
ralph,[15]
ga,[15]
town,[15]
etc,[15]
apart,[15]
principl,[15]
approv,[15]
decis,[15]
significantli,[15]
straight,[15]
flowchart,[15]
lr,[15]
p,[15]
iter,[15]
thoroughli,[15]
markdown,[15]
verbal,[15]
summari,[15]
deepli,[15]
intricaci,[15]
fluff,[15]
skim,[15]
signatur,[15]
artifact,"[18, 15]"
homework,[15]
understood,[15]
misunderstand,[15]
orm,[15]
descript,[15]
outlin,[15]
snippet,[15]
pagin,[15]
explan,[15]
consider,[15]
suck,[15]
trick,[15]
seen,[15]
alongsid,[15]
sortabl,[15]
concret,[15]
td,[15]
w,[15]
n,"[19, 15]"
satisfi,[15]
reject,"[19, 15]"
constraint,[15]
domain,[15]
vari,[15]
wildli,[15]
paragraph,[15]
shape,"[19, 15]"
drizzl,[15]
propos,[15]
restructur,[15]
schema,[15]
accordingli,[15]
redirect,[15]
explicit,[15]
guard,[15]
mutabl,[15]
pace,[15]
lose,[15]
holist,[15]
round,"[17, 15]"
perfectli,[15]
prioriti,[15]
will,[15]
judgement,[15]
granular,[15]
breakdown,"[17, 15]"
necessari,[15]
checklist,[15]
tracker,[15]
glanc,[15]
exactli,[15]
valuabl,[15]
reus,[15]
unnecessari,[15]
jsdoc,[15]
unknown,[15]
typecheck,[15]
introduc,"[18, 15]"
truth,[15]
paus,[15]
catch,[15]
phrase,[15]
minor,"[19, 15]"
variat,[15]
creativ,[15]
bore,[15]
unwind,[15]
role,[15]
shift,"[19, 15]"
architect,[15]
supervisor,[15]
shorter,[15]
ters,[15]
deduplicatebytitl,[15]
frontend,[15]
rapid,[15]
crop,[15]
attach,[15]
screenshot,[15]
misalign,[15]
matur,[15]
implicit,[15]
revert,[15]
increment,[15]
deleg,[15]
total,"[17, 19, 15]"
autonomi,[15]
cultur,[15]
e,"[19, 15]"
evalu,[15]
overli,[15]
complic,[15]
third,[15]
fourth,[15]
fifth,[15]
worth,"[19, 15]"
trim,[15]
cut,"[19, 15]"
creep,[15]
interfac,[15]
caller,[15]
method,[15]
big,[15]
upfront,[15]
guidanc,[15]
smaller,"[19, 15]"
degrad,[15]
absorb,[15]
fill,"[19, 15]"
surviv,[15]
fidel,[15]
elabor,[15]
clever,[15]
disciplin,[15]
sit,[15]
mail,[15]
goto,[15]
bski,[15]
日本語,[16]
中文,[16]
deutsch,[16]
françai,[16]
incred,[16]
pictur,[16]
forthcom,[16]
notifi,[16]
okumura,[16]
masanobu,[16]
hishikawa,[16]
moronobu,[16]
torii,[16]
kiyomasu,[16]
ii,[16]
nishikawa,[16]
sukenobu,[16]
kiyonobu,[16]
nishimura,[16]
shigenaga,[16]
kiyotada,[16]
toshinobu,[16]
birth,[16]
katsukawa,[16]
shunsho,[16]
suzuki,[16]
harunobu,[16]
isoda,[16]
koryusai,[16]
shunko,[16]
ippitsusai,[16]
buncho,[16]
kiyomitsu,[16]
kitao,[16]
shigemasa,[16]
utagawa,[16]
toyoharu,[16]
ishikawa,[16]
toyonobu,[16]
kiyotsun,[16]
kiyohiro,[16]
shunsen,[16]
golden,[16]
age,[16]
kitagawa,[16]
utamaro,[16]
kiyonaga,[16]
toshusai,[16]
sharaku,[16]
hosoda,[16]
eishi,[16]
shuncho,[16]
kubo,[16]
shunman,[16]
eishosai,[16]
choki,[16]
masayoshi,[16]
shunzan,[16]
chokosai,[16]
eisho,[16]
kunimasa,[16]
ichirakutei,[16]
eisui,[16]
kunisada,[16]
hiroshig,[16]
kuniyoshi,[16]
toyokuni,[16]
katsushika,[16]
hokusai,[16]
keisai,[16]
eisen,[16]
hirosada,[16]
kikugawa,[16]
eizan,[16]
totoya,[16]
hokkei,[16]
kuniyasu,[16]
kuniteru,[16]
kunikazu,[16]
yoshitsuya,[16]
yashima,[16]
gakutei,[16]
yoshikazu,[16]
toyoshig,[16]
toyohiro,[16]
hirokag,[16]
kano,[16]
shugen,[16]
sadanobu,[16]
shunkosai,[16]
hokushu,[16]
yoshifuji,[16]
shuntei,[16]
yanagawa,[16]
shigenobu,[16]
gigado,[16]
ashiyuki,[16]
hasegawa,[16]
toyokawa,[16]
yoshikuni,[16]
teisai,[16]
hokuba,[16]
shotei,[16]
hokuju,[16]
kiyomin,[16]
meiji,[16]
toyohara,[16]
kunichika,[16]
tsukioka,[16]
yoshitoshi,[16]
chikanobu,[16]
ochiai,[16]
yoshiiku,[16]
kogyo,[16]
kobayashi,[16]
kiyochika,[16]
yoshitora,[16]
mizuno,[16]
toshikata,[16]
yoshitaki,[16]
ogata,[16]
gekko,[16]
iii,[16]
morikawa,[16]
chikashig,[16]
sadahid,[16]
kawanab,[16]
kyosai,[16]
toyosai,[16]
inou,[16]
yasuji,[16]
takeuchi,[16]
keishu,[16]
adachi,[16]
ginko,[16]
tomioka,[16]
watanab,[16]
nobukazu,[16]
ikkei,[16]
migita,[16]
toshihid,[16]
shibata,[16]
zeshin,[16]
kuniaki,[16]
miyagawa,[16]
imao,[16]
keinen,[16]
kono,[16]
bairei,[16]
kajita,[16]
hanko,[16]
kiyosada,[16]
fusatan,[16]
kunitoshi,[16]
seiko,[16]
yoshitoyo,[16]
shinsai,[16]
shin,[16]
hanga,[16]
sosaku,[16]
kawas,[16]
hasui,[16]
tsuchiya,[16]
koitsu,[16]
kasamatsu,[16]
shiro,[16]
yoshida,[16]
hiroshi,[16]
ito,[16]
shinsui,[16]
ohara,[16]
koson,[16]
asano,[16]
takeji,[16]
asai,[16]
kiyoshi,[16]
takahashi,[16]
hiroaki,[16]
hashiguchi,[16]
goyo,[16]
wada,[16]
sanzo,[16]
kotondo,[16]
koho,[16]
toshi,[16]
shoson,[16]
kaburagi,[16]
kiyokata,[16]
onchi,[16]
koshiro,[16]
natori,[16]
yamamoto,[16]
shoun,[16]
maekawa,[16]
senpan,[16]
henmi,[16]
takashi,[16]
takehisa,[16]
yumeji,[16]
okii,[16]
oda,[16]
kazuma,[16]
fujishima,[16]
contemporari,[16]
tokuriki,[16]
tomikichiro,[16]
nishijima,[16]
katsuyuki,[16]
maeda,[16]
masao,[16]
kawano,[16]
kaoru,[16]
bakufu,[16]
ohno,[16]
ikeda,[16]
shuzo,[16]
binni,[16]
kitaoka,[16]
fumio,[16]
morozumi,[16]
osamu,[16]
mitsuaki,[16]
sora,[16]
kotozuka,[16]
eiichi,[16]
okamoto,[16]
ryusei,[16]
azechi,[16]
umetaro,[16]
hagiwara,[16]
hideo,[16]
maki,[16]
haku,[16]
kusaka,[16]
kenji,[16]
inagaki,[16]
tomoo,[16]
mabuchi,[16]
toru,[16]
sadao,[16]
tom,[16]
kristensen,[16]
gpio,[17]
cron,[17]
tnm,[17]
smallest,[17]
board,[17]
budget,[17]
kib,[17]
composit,[17]
cap,[17]
runtim,"[17, 18]"
cert,[17]
bundl,[17]
verbatim,[17]
bootstrap,[17]
bash,[17]
encrypt,[17]
flash,[17]
provis,[17]
wifi,[17]
serial,[17]
reprovis,[17]
retyp,[17]
profil,[17]
highlight,[17]
telegram,[17]
relay,[17]
guardrail,[17]
persona,[17]
neutral,[17]
friendli,[17]
witti,[17]
openrout,[17]
variant,[17]
recommend,"[17, 18]"
starter,[17]
seeed,[17]
xiao,[17]
stale,[17]
nv,[17]
queu,[17]
eras,[17]
qemu,[17]
mobil,[17]
loadabl,[17]
sum,[17]
segment,[17]
pad,[17]
trip,[17]
ping,[17]
metric,[17]
volatilityfound,[18]
wiki,[18]
wide,[18]
sampl,[18]
offer,[18]
intend,[18]
challeng,[18]
becam,[18]
appar,[18]
benefit,"[18, 19]"
align,[18]
vsl,[18]
pip,[18]
vol,[18]
imagepath,[18]
strictli,[18]
pypi,[18]
venv,[18]
pack,[18]
zip,[18]
restart,[18]
inabl,[18]
exhaust,[18]
sphinx,[18]
copyright,[18]
suspect,[18]
slack,[18]
dot,[18]
org,[18]
properti,[18]
floe,[19]
beta,[19]
lakehous,[19]
floesql,[19]
makar,[19]
probabilist,[19]
magnitud,[19]
element,[19]
lookup,[19]
array,[19]
k,[19]
primer,[19]
scan,[19]
probe,[19]
billion,[19]
decompress,[19]
effici,[19]
lazi,[19]
imagin,[19]
popul,[19]
pushdown,[19]
behaviour,[19]
bother,[19]
rough,[19]
coffe,[19]
survivor,[19]
reduct,[19]
skew,[19]
satur,[19]
micro,[19]
bucket,[19]
bigger,[19]
overflow,[19]
hurt,[19]
flip,[19]
coin,[19]
hell,[19]
lie,[19]
dive,[19]
theori,[19]
chanc,[19]
occup,[19]
climb,[19]
equat,[19]
formula,[19]
deriv,[19]
randomli,[19]
plug,[19]
calcul,[19]
static,[19]
h,[19]
mask,[19]
void,[19]
const,[19]
bool,[19]
naiv,[19]
terribl,[19]
halv,[19]
upper,[19]
benefici,[19]
cheap,[19]
increas,[19]
collis,[19]
crush,[19]
disadvantag,[19]
accuraci,[19]
idx,[19]
mbuf,[19]
neglig,[19]
percentag,[19]
nanosecond,[19]
terabyt,[19]
gigabyt,[19]
trade,[19]
takeaway,[19]
costli,[19]
smarter,[19]
capac,[19]
beauti,[19]
cuckoo,[19]
xor,[19]
resiz,[19]
teaser,[19]
simd,[19]
wrote,[19]
estonia,[19]
ukrain,[19]
enjoy,[19]
hot,[19]
graphic,[19]
render,[19]
tinker,[19]
estonian,[19]
forest,[19]
bike,[19]
robust,[19]
floedb,[19]
